tag,unix_time,timestamp,index,gpu_util_pct,mem_used_mib,mem_free_mib,power_w,temp_c
before_giraffe_nHD_640x360.jpg,1781984404.960,2026/06/20 19:40:04.929, 0, 0, 15238, 611, 27.82, 50
before_giraffe_nHD_640x360.jpg,1781984404.960,2026/06/20 19:40:04.935, 1, 0, 13382, 2467, 22.45, 47
before_giraffe_nHD_640x360.jpg,1781984404.960,2026/06/20 19:40:04.940, 2, 0, 13294, 2555, 23.70, 51
before_giraffe_nHD_640x360.jpg,1781984404.960,2026/06/20 19:40:04.945, 3, 0, 14342, 1507, 23.29, 50
during_giraffe_nHD_640x360.jpg,1781984405.080,2026/06/20 19:40:05.043, 0, 0, 15238, 611, 28.14, 50
during_giraffe_nHD_640x360.jpg,1781984405.080,2026/06/20 19:40:05.052, 1, 0, 13382, 2467, 22.53, 47
during_giraffe_nHD_640x360.jpg,1781984405.080,2026/06/20 19:40:05.057, 2, 0, 13294, 2555, 23.77, 51
during_giraffe_nHD_640x360.jpg,1781984405.080,2026/06/20 19:40:05.062, 3, 0, 14342, 1507, 23.34, 50
during_giraffe_nHD_640x360.jpg,1781984405.688,2026/06/20 19:40:05.651, 0, 0, 15238, 611, 55.22, 52
during_giraffe_nHD_640x360.jpg,1781984405.688,2026/06/20 19:40:05.658, 1, 0, 13382, 2467, 50.46, 52
during_giraffe_nHD_640x360.jpg,1781984405.688,2026/06/20 19:40:05.663, 2, 88, 13294, 2555, 52.35, 57
during_giraffe_nHD_640x360.jpg,1781984405.688,2026/06/20 19:40:05.668, 3, 79, 14342, 1507, 42.14, 64
during_giraffe_nHD_640x360.jpg,1781984406.294,2026/06/20 19:40:06.257, 0, 22, 15238, 611, 63.58, 52
during_giraffe_nHD_640x360.jpg,1781984406.294,2026/06/20 19:40:06.263, 1, 30, 13382, 2467, 72.89, 50
during_giraffe_nHD_640x360.jpg,1781984406.294,2026/06/20 19:40:06.268, 2, 30, 13294, 2555, 71.36, 59
during_giraffe_nHD_640x360.jpg,1781984406.294,2026/06/20 19:40:06.274, 3, 33, 14342, 1507, 71.41, 53
during_giraffe_nHD_640x360.jpg,1781984406.917,2026/06/20 19:40:06.876, 0, 22, 15238, 611, 58.50, 54
during_giraffe_nHD_640x360.jpg,1781984406.917,2026/06/20 19:40:06.883, 1, 30, 13382, 2467, 61.93, 50
during_giraffe_nHD_640x360.jpg,1781984406.917,2026/06/20 19:40:06.894, 2, 24, 13294, 2555, 61.36, 55
during_giraffe_nHD_640x360.jpg,1781984406.917,2026/06/20 19:40:06.899, 3, 23, 14342, 1507, 70.25, 58
during_giraffe_nHD_640x360.jpg,1781984407.510,2026/06/20 19:40:07.466, 0, 14, 15238, 611, 55.27, 53
during_giraffe_nHD_640x360.jpg,1781984407.510,2026/06/20 19:40:07.473, 1, 30, 13382, 2467, 61.14, 56
during_giraffe_nHD_640x360.jpg,1781984407.510,2026/06/20 19:40:07.479, 2, 30, 13294, 2555, 59.43, 54
during_giraffe_nHD_640x360.jpg,1781984407.510,2026/06/20 19:40:07.489, 3, 25, 14342, 1507, 68.56, 54
during_giraffe_nHD_640x360.jpg,1781984408.118,2026/06/20 19:40:08.078, 0, 22, 15238, 611, 54.74, 52
during_giraffe_nHD_640x360.jpg,1781984408.118,2026/06/20 19:40:08.084, 1, 16, 13382, 2467, 57.27, 51
during_giraffe_nHD_640x360.jpg,1781984408.118,2026/06/20 19:40:08.089, 2, 30, 13294, 2555, 59.54, 53
during_giraffe_nHD_640x360.jpg,1781984408.118,2026/06/20 19:40:08.095, 3, 32, 14342, 1507, 66.67, 53
during_giraffe_nHD_640x360.jpg,1781984408.736,2026/06/20 19:40:08.683, 0, 22, 15238, 611, 55.45, 51
during_giraffe_nHD_640x360.jpg,1781984408.736,2026/06/20 19:40:08.696, 1, 30, 13382, 2467, 58.67, 50
during_giraffe_nHD_640x360.jpg,1781984408.736,2026/06/20 19:40:08.710, 2, 30, 13294, 2555, 58.80, 59
during_giraffe_nHD_640x360.jpg,1781984408.736,2026/06/20 19:40:08.714, 3, 32, 14342, 1507, 64.64, 54
during_giraffe_nHD_640x360.jpg,1781984409.352,2026/06/20 19:40:09.305, 0, 22, 15238, 611, 55.23, 55
during_giraffe_nHD_640x360.jpg,1781984409.352,2026/06/20 19:40:09.312, 1, 30, 13382, 2467, 59.05, 50
during_giraffe_nHD_640x360.jpg,1781984409.352,2026/06/20 19:40:09.318, 2, 20, 13294, 2555, 56.78, 54
during_giraffe_nHD_640x360.jpg,1781984409.352,2026/06/20 19:40:09.327, 3, 33, 14342, 1507, 63.70, 58
during_giraffe_nHD_640x360.jpg,1781984409.982,2026/06/20 19:40:09.936, 0, 22, 15238, 611, 53.21, 53
during_giraffe_nHD_640x360.jpg,1781984409.982,2026/06/20 19:40:09.949, 1, 30, 13382, 2467, 58.80, 56
during_giraffe_nHD_640x360.jpg,1781984409.982,2026/06/20 19:40:09.958, 2, 25, 13294, 2555, 57.60, 54
during_giraffe_nHD_640x360.jpg,1781984409.982,2026/06/20 19:40:09.963, 3, 18, 14342, 1507, 61.45, 55
during_giraffe_nHD_640x360.jpg,1781984410.595,2026/06/20 19:40:10.552, 0, 13, 15238, 611, 53.75, 52
during_giraffe_nHD_640x360.jpg,1781984410.595,2026/06/20 19:40:10.558, 1, 16, 13382, 2467, 55.68, 51
during_giraffe_nHD_640x360.jpg,1781984410.595,2026/06/20 19:40:10.563, 2, 30, 13294, 2555, 58.82, 53
during_giraffe_nHD_640x360.jpg,1781984410.595,2026/06/20 19:40:10.576, 3, 33, 14342, 1507, 64.97, 53
during_giraffe_nHD_640x360.jpg,1781984411.219,2026/06/20 19:40:11.172, 0, 22, 15238, 611, 55.15, 52
during_giraffe_nHD_640x360.jpg,1781984411.219,2026/06/20 19:40:11.183, 1, 30, 13382, 2467, 58.93, 51
during_giraffe_nHD_640x360.jpg,1781984411.219,2026/06/20 19:40:11.195, 2, 30, 13294, 2555, 58.89, 58
during_giraffe_nHD_640x360.jpg,1781984411.219,2026/06/20 19:40:11.200, 3, 32, 14342, 1507, 64.92, 53
during_giraffe_nHD_640x360.jpg,1781984411.825,2026/06/20 19:40:11.783, 0, 22, 15238, 611, 55.49, 51
during_giraffe_nHD_640x360.jpg,1781984411.825,2026/06/20 19:40:11.789, 1, 30, 13382, 2467, 58.79, 50
during_giraffe_nHD_640x360.jpg,1781984411.825,2026/06/20 19:40:11.801, 2, 30, 13294, 2555, 56.97, 55
during_giraffe_nHD_640x360.jpg,1781984411.825,2026/06/20 19:40:11.806, 3, 29, 14342, 1507, 63.66, 58
during_giraffe_nHD_640x360.jpg,1781984412.453,2026/06/20 19:40:12.409, 0, 22, 15238, 611, 55.21, 54
during_giraffe_nHD_640x360.jpg,1781984412.453,2026/06/20 19:40:12.415, 1, 30, 13382, 2467, 58.83, 55
during_giraffe_nHD_640x360.jpg,1781984412.453,2026/06/20 19:40:12.421, 2, 16, 13294, 2555, 56.87, 54
during_giraffe_nHD_640x360.jpg,1781984412.453,2026/06/20 19:40:12.426, 3, 19, 14342, 1507, 61.03, 54
during_giraffe_nHD_640x360.jpg,1781984413.067,2026/06/20 19:40:13.018, 0, 7, 15238, 611, 52.89, 52
during_giraffe_nHD_640x360.jpg,1781984413.067,2026/06/20 19:40:13.031, 1, 22, 13382, 2467, 56.93, 52
during_giraffe_nHD_640x360.jpg,1781984413.067,2026/06/20 19:40:13.042, 2, 30, 13294, 2555, 59.17, 54
during_giraffe_nHD_640x360.jpg,1781984413.067,2026/06/20 19:40:13.047, 3, 32, 14342, 1507, 64.50, 53
during_giraffe_nHD_640x360.jpg,1781984413.684,2026/06/20 19:40:13.635, 0, 22, 15238, 611, 55.43, 51
during_giraffe_nHD_640x360.jpg,1781984413.684,2026/06/20 19:40:13.641, 1, 23, 13382, 2467, 57.77, 50
during_giraffe_nHD_640x360.jpg,1781984413.684,2026/06/20 19:40:13.647, 2, 30, 13294, 2555, 58.81, 56
during_giraffe_nHD_640x360.jpg,1781984413.684,2026/06/20 19:40:13.660, 3, 32, 14342, 1507, 64.68, 53
during_giraffe_nHD_640x360.jpg,1781984414.289,2026/06/20 19:40:14.253, 0, 22, 15238, 611, 55.20, 52
during_giraffe_nHD_640x360.jpg,1781984414.289,2026/06/20 19:40:14.259, 1, 30, 13382, 2467, 59.21, 50
during_giraffe_nHD_640x360.jpg,1781984414.289,2026/06/20 19:40:14.265, 2, 27, 13294, 2555, 56.47, 57
during_giraffe_nHD_640x360.jpg,1781984414.289,2026/06/20 19:40:14.270, 3, 32, 14342, 1507, 63.32, 57
during_giraffe_nHD_640x360.jpg,1781984414.901,2026/06/20 19:40:14.855, 0, 22, 15238, 611, 53.98, 54
during_giraffe_nHD_640x360.jpg,1781984414.901,2026/06/20 19:40:14.862, 1, 30, 13382, 2467, 58.85, 56
during_giraffe_nHD_640x360.jpg,1781984414.901,2026/06/20 19:40:14.875, 2, 19, 13294, 2555, 56.74, 54
during_giraffe_nHD_640x360.jpg,1781984414.901,2026/06/20 19:40:14.880, 3, 18, 14342, 1507, 61.45, 56
during_giraffe_nHD_640x360.jpg,1781984415.518,2026/06/20 19:40:15.467, 0, 8, 15238, 611, 52.98, 52
during_giraffe_nHD_640x360.jpg,1781984415.518,2026/06/20 19:40:15.475, 1, 18, 13382, 2467, 55.69, 54
during_giraffe_nHD_640x360.jpg,1781984415.518,2026/06/20 19:40:15.480, 2, 30, 13294, 2555, 59.06, 53
during_giraffe_nHD_640x360.jpg,1781984415.518,2026/06/20 19:40:15.489, 3, 32, 14342, 1507, 64.67, 53
during_giraffe_nHD_640x360.jpg,1781984416.118,2026/06/20 19:40:16.083, 0, 22, 15238, 611, 55.17, 51
during_giraffe_nHD_640x360.jpg,1781984416.118,2026/06/20 19:40:16.089, 1, 27, 13382, 2467, 58.17, 51
during_giraffe_nHD_640x360.jpg,1781984416.118,2026/06/20 19:40:16.094, 2, 30, 13294, 2555, 58.88, 57
during_giraffe_nHD_640x360.jpg,1781984416.118,2026/06/20 19:40:16.099, 3, 32, 14342, 1507, 64.71, 53
during_giraffe_nHD_640x360.jpg,1781984416.758,2026/06/20 19:40:16.705, 0, 22, 15238, 611, 55.37, 51
during_giraffe_nHD_640x360.jpg,1781984416.758,2026/06/20 19:40:16.712, 1, 30, 13382, 2467, 59.16, 50
during_giraffe_nHD_640x360.jpg,1781984416.758,2026/06/20 19:40:16.719, 2, 30, 13294, 2555, 57.63, 56
during_giraffe_nHD_640x360.jpg,1781984416.758,2026/06/20 19:40:16.735, 3, 32, 14342, 1507, 64.77, 58
during_giraffe_nHD_640x360.jpg,1781984417.362,2026/06/20 19:40:17.327, 0, 22, 15238, 611, 55.16, 57
during_giraffe_nHD_640x360.jpg,1781984417.362,2026/06/20 19:40:17.334, 1, 30, 13382, 2467, 59.21, 54
during_giraffe_nHD_640x360.jpg,1781984417.362,2026/06/20 19:40:17.340, 2, 15, 13294, 2555, 55.50, 55
during_giraffe_nHD_640x360.jpg,1781984417.362,2026/06/20 19:40:17.345, 3, 20, 14342, 1507, 62.10, 55
during_giraffe_nHD_640x360.jpg_end,1781984417.443,2026/06/20 19:40:17.410, 0, 0, 15238, 611, 52.84, 51
during_giraffe_nHD_640x360.jpg_end,1781984417.443,2026/06/20 19:40:17.416, 1, 30, 13382, 2467, 55.76, 50
during_giraffe_nHD_640x360.jpg_end,1781984417.443,2026/06/20 19:40:17.421, 2, 21, 13294, 2555, 56.91, 55
during_giraffe_nHD_640x360.jpg_end,1781984417.443,2026/06/20 19:40:17.426, 3, 32, 14342, 1507, 62.74, 59
after_giraffe_nHD_640x360.jpg,1781984417.538,2026/06/20 19:40:17.506, 0, 0, 15238, 611, 50.21, 51
after_giraffe_nHD_640x360.jpg,1781984417.538,2026/06/20 19:40:17.512, 1, 0, 13382, 2467, 55.76, 49
after_giraffe_nHD_640x360.jpg,1781984417.538,2026/06/20 19:40:17.517, 2, 0, 13294, 2555, 54.03, 53
after_giraffe_nHD_640x360.jpg,1781984417.538,2026/06/20 19:40:17.521, 3, 0, 14342, 1507, 60.40, 53
before_giraffe_qHD_960x540.jpg,1781984418.134,2026/06/20 19:40:18.102, 0, 0, 15238, 611, 36.16, 50
before_giraffe_qHD_960x540.jpg,1781984418.134,2026/06/20 19:40:18.108, 1, 0, 13382, 2467, 36.50, 48
before_giraffe_qHD_960x540.jpg,1781984418.134,2026/06/20 19:40:18.113, 2, 0, 13294, 2555, 34.93, 51
before_giraffe_qHD_960x540.jpg,1781984418.134,2026/06/20 19:40:18.118, 3, 0, 14342, 1507, 34.58, 51
during_giraffe_qHD_960x540.jpg,1781984418.231,2026/06/20 19:40:18.198, 0, 0, 15238, 611, 36.16, 50
during_giraffe_qHD_960x540.jpg,1781984418.231,2026/06/20 19:40:18.204, 1, 0, 13382, 2467, 33.93, 48
during_giraffe_qHD_960x540.jpg,1781984418.231,2026/06/20 19:40:18.209, 2, 0, 13294, 2555, 30.00, 51
during_giraffe_qHD_960x540.jpg,1781984418.231,2026/06/20 19:40:18.213, 3, 0, 14342, 1507, 33.60, 51
during_giraffe_qHD_960x540.jpg,1781984418.841,2026/06/20 19:40:18.800, 0, 59, 15238, 611, 79.42, 64
during_giraffe_qHD_960x540.jpg,1781984418.841,2026/06/20 19:40:18.806, 1, 89, 13382, 2467, 55.55, 64
during_giraffe_qHD_960x540.jpg,1781984418.841,2026/06/20 19:40:18.813, 2, 84, 13294, 2555, 52.61, 64
during_giraffe_qHD_960x540.jpg,1781984418.841,2026/06/20 19:40:18.819, 3, 78, 14342, 1507, 42.75, 60
during_giraffe_qHD_960x540.jpg,1781984419.444,2026/06/20 19:40:19.406, 0, 1, 15238, 611, 85.61, 52
during_giraffe_qHD_960x540.jpg,1781984419.444,2026/06/20 19:40:19.413, 1, 37, 13382, 2467, 95.28, 51
during_giraffe_qHD_960x540.jpg,1781984419.444,2026/06/20 19:40:19.421, 2, 19, 13294, 2555, 94.91, 57
during_giraffe_qHD_960x540.jpg,1781984419.444,2026/06/20 19:40:19.426, 3, 44, 14342, 1507, 91.52, 63
during_giraffe_qHD_960x540.jpg,1781984420.058,2026/06/20 19:40:20.010, 0, 9, 15238, 611, 55.72, 52
during_giraffe_qHD_960x540.jpg,1781984420.058,2026/06/20 19:40:20.023, 1, 16, 13382, 2467, 58.27, 52
during_giraffe_qHD_960x540.jpg,1781984420.058,2026/06/20 19:40:20.033, 2, 30, 13294, 2555, 72.41, 54
during_giraffe_qHD_960x540.jpg,1781984420.058,2026/06/20 19:40:20.039, 3, 32, 14342, 1507, 89.91, 54
during_giraffe_qHD_960x540.jpg,1781984420.688,2026/06/20 19:40:20.644, 0, 22, 15238, 611, 59.23, 52
during_giraffe_qHD_960x540.jpg,1781984420.688,2026/06/20 19:40:20.650, 1, 28, 13382, 2467, 61.59, 51
during_giraffe_qHD_960x540.jpg,1781984420.688,2026/06/20 19:40:20.655, 2, 30, 13294, 2555, 61.79, 58
during_giraffe_qHD_960x540.jpg,1781984420.688,2026/06/20 19:40:20.661, 3, 32, 14342, 1507, 70.08, 54
during_giraffe_qHD_960x540.jpg,1781984421.294,2026/06/20 19:40:21.239, 0, 22, 15238, 611, 57.32, 54
during_giraffe_qHD_960x540.jpg,1781984421.294,2026/06/20 19:40:21.247, 1, 30, 13382, 2467, 60.96, 50
during_giraffe_qHD_960x540.jpg,1781984421.294,2026/06/20 19:40:21.252, 2, 24, 13294, 2555, 58.34, 57
during_giraffe_qHD_960x540.jpg,1781984421.294,2026/06/20 19:40:21.263, 3, 33, 14342, 1507, 67.19, 58
during_giraffe_qHD_960x540.jpg,1781984421.902,2026/06/20 19:40:21.858, 0, 22, 15238, 611, 55.05, 57
during_giraffe_qHD_960x540.jpg,1781984421.902,2026/06/20 19:40:21.865, 1, 30, 13382, 2467, 59.17, 56
during_giraffe_qHD_960x540.jpg,1781984421.902,2026/06/20 19:40:21.877, 2, 19, 13294, 2555, 57.67, 54
during_giraffe_qHD_960x540.jpg,1781984421.902,2026/06/20 19:40:21.882, 3, 18, 14342, 1507, 63.31, 56
during_giraffe_qHD_960x540.jpg,1781984422.536,2026/06/20 19:40:22.501, 0, 7, 15238, 611, 52.95, 52
during_giraffe_qHD_960x540.jpg,1781984422.536,2026/06/20 19:40:22.506, 1, 19, 13382, 2467, 55.99, 55
during_giraffe_qHD_960x540.jpg,1781984422.536,2026/06/20 19:40:22.511, 2, 30, 13294, 2555, 58.70, 54
during_giraffe_qHD_960x540.jpg,1781984422.536,2026/06/20 19:40:22.515, 3, 22, 14342, 1507, 62.78, 54
during_giraffe_qHD_960x540.jpg,1781984423.157,2026/06/20 19:40:23.103, 0, 22, 15238, 611, 54.09, 52
during_giraffe_qHD_960x540.jpg,1781984423.157,2026/06/20 19:40:23.117, 1, 24, 13382, 2467, 55.83, 51
during_giraffe_qHD_960x540.jpg,1781984423.157,2026/06/20 19:40:23.130, 2, 30, 13294, 2555, 59.13, 57
during_giraffe_qHD_960x540.jpg,1781984423.157,2026/06/20 19:40:23.135, 3, 33, 14342, 1507, 65.34, 53
during_giraffe_qHD_960x540.jpg,1781984423.781,2026/06/20 19:40:23.741, 0, 22, 15238, 611, 55.24, 51
during_giraffe_qHD_960x540.jpg,1781984423.781,2026/06/20 19:40:23.747, 1, 30, 13382, 2467, 59.42, 50
during_giraffe_qHD_960x540.jpg,1781984423.781,2026/06/20 19:40:23.752, 2, 30, 13294, 2555, 58.17, 59
during_giraffe_qHD_960x540.jpg,1781984423.781,2026/06/20 19:40:23.757, 3, 32, 14342, 1507, 65.10, 53
during_giraffe_qHD_960x540.jpg,1781984424.388,2026/06/20 19:40:24.348, 0, 22, 15238, 611, 55.54, 56
during_giraffe_qHD_960x540.jpg,1781984424.388,2026/06/20 19:40:24.356, 1, 30, 13382, 2467, 59.39, 52
during_giraffe_qHD_960x540.jpg,1781984424.388,2026/06/20 19:40:24.361, 2, 15, 13294, 2555, 56.17, 55
during_giraffe_qHD_960x540.jpg,1781984424.388,2026/06/20 19:40:24.366, 3, 27, 14342, 1507, 62.87, 59
during_giraffe_qHD_960x540.jpg,1781984425.042,2026/06/20 19:40:24.996, 0, 20, 15238, 611, 53.80, 54
during_giraffe_qHD_960x540.jpg,1781984425.042,2026/06/20 19:40:25.003, 1, 30, 13382, 2467, 58.75, 55
during_giraffe_qHD_960x540.jpg,1781984425.042,2026/06/20 19:40:25.010, 2, 15, 13294, 2555, 56.55, 54
during_giraffe_qHD_960x540.jpg,1781984425.042,2026/06/20 19:40:25.016, 3, 18, 14342, 1507, 61.40, 55
during_giraffe_qHD_960x540.jpg,1781984425.631,2026/06/20 19:40:25.592, 0, 15, 15238, 611, 54.06, 52
during_giraffe_qHD_960x540.jpg,1781984425.631,2026/06/20 19:40:25.598, 1, 16, 13382, 2467, 55.39, 53
during_giraffe_qHD_960x540.jpg,1781984425.631,2026/06/20 19:40:25.603, 2, 30, 13294, 2555, 59.16, 54
during_giraffe_qHD_960x540.jpg,1781984425.631,2026/06/20 19:40:25.608, 3, 32, 14342, 1507, 64.21, 54
during_giraffe_qHD_960x540.jpg,1781984426.259,2026/06/20 19:40:26.216, 0, 21, 15238, 611, 54.71, 51
during_giraffe_qHD_960x540.jpg,1781984426.259,2026/06/20 19:40:26.222, 1, 13, 13382, 2467, 56.11, 51
during_giraffe_qHD_960x540.jpg,1781984426.259,2026/06/20 19:40:26.235, 2, 30, 13294, 2555, 59.17, 58
during_giraffe_qHD_960x540.jpg,1781984426.259,2026/06/20 19:40:26.240, 3, 33, 14342, 1507, 65.11, 53
during_giraffe_qHD_960x540.jpg,1781984426.935,2026/06/20 19:40:26.865, 0, 22, 15238, 611, 55.28, 51
during_giraffe_qHD_960x540.jpg,1781984426.935,2026/06/20 19:40:26.876, 1, 30, 13382, 2467, 59.21, 51
during_giraffe_qHD_960x540.jpg,1781984426.935,2026/06/20 19:40:26.887, 2, 30, 13294, 2555, 59.26, 59
during_giraffe_qHD_960x540.jpg,1781984426.935,2026/06/20 19:40:26.899, 3, 32, 14342, 1507, 65.08, 53
during_giraffe_qHD_960x540.jpg,1781984427.547,2026/06/20 19:40:27.505, 0, 22, 15238, 611, 55.59, 51
during_giraffe_qHD_960x540.jpg,1781984427.547,2026/06/20 19:40:27.512, 1, 30, 13382, 2467, 59.66, 50
during_giraffe_qHD_960x540.jpg,1781984427.547,2026/06/20 19:40:27.517, 2, 30, 13294, 2555, 56.51, 56
during_giraffe_qHD_960x540.jpg,1781984427.547,2026/06/20 19:40:27.527, 3, 33, 14342, 1507, 63.37, 59
during_giraffe_qHD_960x540.jpg,1781984428.171,2026/06/20 19:40:28.134, 0, 22, 15238, 611, 55.38, 55
during_giraffe_qHD_960x540.jpg,1781984428.171,2026/06/20 19:40:28.140, 1, 30, 13382, 2467, 59.33, 55
during_giraffe_qHD_960x540.jpg,1781984428.171,2026/06/20 19:40:28.146, 2, 15, 13294, 2555, 56.85, 55
during_giraffe_qHD_960x540.jpg,1781984428.171,2026/06/20 19:40:28.151, 3, 18, 14342, 1507, 61.43, 55
during_giraffe_qHD_960x540.jpg,1781984428.782,2026/06/20 19:40:28.738, 0, 11, 15238, 611, 52.99, 52
during_giraffe_qHD_960x540.jpg,1781984428.782,2026/06/20 19:40:28.745, 1, 28, 13382, 2467, 57.46, 53
during_giraffe_qHD_960x540.jpg,1781984428.782,2026/06/20 19:40:28.756, 2, 30, 13294, 2555, 59.56, 54
during_giraffe_qHD_960x540.jpg,1781984428.782,2026/06/20 19:40:28.761, 3, 28, 14342, 1507, 64.18, 54
during_giraffe_qHD_960x540.jpg,1781984429.399,2026/06/20 19:40:29.348, 0, 22, 15238, 611, 54.73, 51
during_giraffe_qHD_960x540.jpg,1781984429.399,2026/06/20 19:40:29.355, 1, 16, 13382, 2467, 56.51, 51
during_giraffe_qHD_960x540.jpg,1781984429.399,2026/06/20 19:40:29.360, 2, 30, 13294, 2555, 59.31, 54
during_giraffe_qHD_960x540.jpg,1781984429.399,2026/06/20 19:40:29.372, 3, 33, 14342, 1507, 65.06, 54
during_giraffe_qHD_960x540.jpg,1781984430.004,2026/06/20 19:40:29.967, 0, 22, 15238, 611, 55.56, 51
during_giraffe_qHD_960x540.jpg,1781984430.004,2026/06/20 19:40:29.973, 1, 30, 13382, 2467, 59.28, 51
during_giraffe_qHD_960x540.jpg,1781984430.004,2026/06/20 19:40:29.978, 2, 30, 13294, 2555, 57.67, 59
during_giraffe_qHD_960x540.jpg,1781984430.004,2026/06/20 19:40:29.983, 3, 33, 14342, 1507, 65.05, 53
during_giraffe_qHD_960x540.jpg,1781984430.592,2026/06/20 19:40:30.551, 0, 22, 15238, 611, 55.19, 56
during_giraffe_qHD_960x540.jpg,1781984430.592,2026/06/20 19:40:30.563, 1, 30, 13382, 2467, 59.33, 53
during_giraffe_qHD_960x540.jpg,1781984430.592,2026/06/20 19:40:30.568, 2, 15, 13294, 2555, 55.64, 55
during_giraffe_qHD_960x540.jpg,1781984430.592,2026/06/20 19:40:30.573, 3, 26, 14342, 1507, 61.47, 59
during_giraffe_qHD_960x540.jpg_end,1781984430.995,2026/06/20 19:40:30.962, 0, 0, 15238, 611, 52.87, 51
during_giraffe_qHD_960x540.jpg_end,1781984430.995,2026/06/20 19:40:30.968, 1, 8, 13382, 2467, 55.46, 51
during_giraffe_qHD_960x540.jpg_end,1781984430.995,2026/06/20 19:40:30.973, 2, 30, 13294, 2555, 59.29, 54
during_giraffe_qHD_960x540.jpg_end,1781984430.995,2026/06/20 19:40:30.978, 3, 33, 14342, 1507, 65.53, 54
after_giraffe_qHD_960x540.jpg,1781984431.094,2026/06/20 19:40:31.062, 0, 0, 15238, 611, 50.21, 50
after_giraffe_qHD_960x540.jpg,1781984431.094,2026/06/20 19:40:31.068, 1, 0, 13382, 2467, 52.76, 50
after_giraffe_qHD_960x540.jpg,1781984431.094,2026/06/20 19:40:31.073, 2, 0, 13294, 2555, 56.24, 53
after_giraffe_qHD_960x540.jpg,1781984431.094,2026/06/20 19:40:31.077, 3, 0, 14342, 1507, 61.47, 52
before_giraffe_HD720_1280x720.jpg,1781984431.705,2026/06/20 19:40:31.673, 0, 0, 15238, 611, 36.44, 50
before_giraffe_HD720_1280x720.jpg,1781984431.705,2026/06/20 19:40:31.679, 1, 0, 13382, 2467, 34.08, 48
before_giraffe_HD720_1280x720.jpg,1781984431.705,2026/06/20 19:40:31.684, 2, 0, 13294, 2555, 35.07, 52
before_giraffe_HD720_1280x720.jpg,1781984431.705,2026/06/20 19:40:31.689, 3, 0, 14342, 1507, 40.56, 51
during_giraffe_HD720_1280x720.jpg,1781984431.802,2026/06/20 19:40:31.770, 0, 0, 15238, 611, 33.75, 50
during_giraffe_HD720_1280x720.jpg,1781984431.802,2026/06/20 19:40:31.776, 1, 0, 13382, 2467, 30.42, 48
during_giraffe_HD720_1280x720.jpg,1781984431.802,2026/06/20 19:40:31.781, 2, 0, 13294, 2555, 35.07, 52
during_giraffe_HD720_1280x720.jpg,1781984431.802,2026/06/20 19:40:31.785, 3, 0, 14342, 1507, 36.40, 51
during_giraffe_HD720_1280x720.jpg,1781984432.417,2026/06/20 19:40:32.382, 0, 68, 15238, 611, 78.74, 61
during_giraffe_HD720_1280x720.jpg,1781984432.417,2026/06/20 19:40:32.390, 1, 0, 13382, 2467, 30.75, 48
during_giraffe_HD720_1280x720.jpg,1781984432.417,2026/06/20 19:40:32.395, 2, 0, 13294, 2555, 31.32, 52
during_giraffe_HD720_1280x720.jpg,1781984432.417,2026/06/20 19:40:32.400, 3, 0, 14342, 1507, 31.37, 51
during_giraffe_HD720_1280x720.jpg,1781984433.030,2026/06/20 19:40:32.984, 0, 65, 15238, 611, 126.07, 60
during_giraffe_HD720_1280x720.jpg,1781984433.030,2026/06/20 19:40:32.993, 1, 94, 13382, 2467, 90.61, 67
during_giraffe_HD720_1280x720.jpg,1781984433.030,2026/06/20 19:40:33.001, 2, 95, 13294, 2555, 86.62, 70
during_giraffe_HD720_1280x720.jpg,1781984433.030,2026/06/20 19:40:33.008, 3, 84, 14342, 1507, 76.23, 67
during_giraffe_HD720_1280x720.jpg,1781984433.664,2026/06/20 19:40:33.629, 0, 0, 15238, 611, 90.69, 53
during_giraffe_HD720_1280x720.jpg,1781984433.664,2026/06/20 19:40:33.637, 1, 0, 13382, 2467, 120.10, 54
during_giraffe_HD720_1280x720.jpg,1781984433.664,2026/06/20 19:40:33.642, 2, 50, 13294, 2555, 130.67, 56
during_giraffe_HD720_1280x720.jpg,1781984433.664,2026/06/20 19:40:33.647, 3, 36, 14342, 1507, 125.83, 56
during_giraffe_HD720_1280x720.jpg,1781984434.277,2026/06/20 19:40:34.232, 0, 22, 15238, 611, 55.14, 52
during_giraffe_HD720_1280x720.jpg,1781984434.277,2026/06/20 19:40:34.238, 1, 30, 13382, 2467, 63.26, 51
during_giraffe_HD720_1280x720.jpg,1781984434.277,2026/06/20 19:40:34.243, 2, 30, 13294, 2555, 82.68, 60
during_giraffe_HD720_1280x720.jpg,1781984434.277,2026/06/20 19:40:34.248, 3, 33, 14342, 1507, 92.60, 56
during_giraffe_HD720_1280x720.jpg,1781984434.905,2026/06/20 19:40:34.859, 0, 22, 15238, 611, 59.38, 55
during_giraffe_HD720_1280x720.jpg,1781984434.905,2026/06/20 19:40:34.870, 1, 30, 13382, 2467, 60.06, 51
during_giraffe_HD720_1280x720.jpg,1781984434.905,2026/06/20 19:40:34.881, 2, 15, 13294, 2555, 62.54, 56
during_giraffe_HD720_1280x720.jpg,1781984434.905,2026/06/20 19:40:34.886, 3, 20, 14342, 1507, 66.33, 60
during_giraffe_HD720_1280x720.jpg,1781984435.496,2026/06/20 19:40:35.452, 0, 16, 15238, 611, 55.23, 53
during_giraffe_HD720_1280x720.jpg,1781984435.496,2026/06/20 19:40:35.459, 1, 30, 13382, 2467, 59.37, 55
during_giraffe_HD720_1280x720.jpg,1781984435.496,2026/06/20 19:40:35.469, 2, 30, 13294, 2555, 61.64, 55
during_giraffe_HD720_1280x720.jpg,1781984435.496,2026/06/20 19:40:35.477, 3, 23, 14342, 1507, 68.04, 55
during_giraffe_HD720_1280x720.jpg,1781984436.086,2026/06/20 19:40:36.042, 0, 12, 15238, 611, 53.78, 52
during_giraffe_HD720_1280x720.jpg,1781984436.086,2026/06/20 19:40:36.049, 1, 11, 13382, 2467, 56.14, 52
during_giraffe_HD720_1280x720.jpg,1781984436.086,2026/06/20 19:40:36.057, 2, 30, 13294, 2555, 60.00, 54
during_giraffe_HD720_1280x720.jpg,1781984436.086,2026/06/20 19:40:36.067, 3, 33, 14342, 1507, 67.15, 54
during_giraffe_HD720_1280x720.jpg,1781984436.695,2026/06/20 19:40:36.652, 0, 22, 15238, 611, 55.44, 51
during_giraffe_HD720_1280x720.jpg,1781984436.695,2026/06/20 19:40:36.659, 1, 23, 13382, 2467, 58.53, 51
during_giraffe_HD720_1280x720.jpg,1781984436.695,2026/06/20 19:40:36.664, 2, 30, 13294, 2555, 59.58, 57
during_giraffe_HD720_1280x720.jpg,1781984436.695,2026/06/20 19:40:36.670, 3, 33, 14342, 1507, 65.68, 54
during_giraffe_HD720_1280x720.jpg,1781984437.300,2026/06/20 19:40:37.264, 0, 22, 15238, 611, 55.49, 51
during_giraffe_HD720_1280x720.jpg,1781984437.300,2026/06/20 19:40:37.271, 1, 30, 13382, 2467, 60.02, 51
during_giraffe_HD720_1280x720.jpg,1781984437.300,2026/06/20 19:40:37.276, 2, 30, 13294, 2555, 56.61, 60
during_giraffe_HD720_1280x720.jpg,1781984437.300,2026/06/20 19:40:37.281, 3, 33, 14342, 1507, 64.99, 55
during_giraffe_HD720_1280x720.jpg,1781984437.906,2026/06/20 19:40:37.861, 0, 22, 15238, 611, 55.48, 53
during_giraffe_HD720_1280x720.jpg,1781984437.906,2026/06/20 19:40:37.873, 1, 30, 13382, 2467, 59.76, 50
during_giraffe_HD720_1280x720.jpg,1781984437.906,2026/06/20 19:40:37.884, 2, 15, 13294, 2555, 56.93, 55
during_giraffe_HD720_1280x720.jpg,1781984437.906,2026/06/20 19:40:37.888, 3, 23, 14342, 1507, 61.90, 59
during_giraffe_HD720_1280x720.jpg,1781984438.538,2026/06/20 19:40:38.488, 0, 20, 15238, 611, 53.09, 55
during_giraffe_HD720_1280x720.jpg,1781984438.538,2026/06/20 19:40:38.495, 1, 30, 13382, 2467, 58.55, 55
during_giraffe_HD720_1280x720.jpg,1781984438.538,2026/06/20 19:40:38.500, 2, 14, 13294, 2555, 57.49, 54
during_giraffe_HD720_1280x720.jpg,1781984438.538,2026/06/20 19:40:38.510, 3, 17, 14342, 1507, 61.05, 55
during_giraffe_HD720_1280x720.jpg,1781984439.139,2026/06/20 19:40:39.104, 0, 10, 15238, 611, 52.61, 52
during_giraffe_HD720_1280x720.jpg,1781984439.139,2026/06/20 19:40:39.110, 1, 15, 13382, 2467, 56.66, 54
during_giraffe_HD720_1280x720.jpg,1781984439.139,2026/06/20 19:40:39.115, 2, 30, 13294, 2555, 59.72, 54
during_giraffe_HD720_1280x720.jpg,1781984439.139,2026/06/20 19:40:39.120, 3, 26, 14342, 1507, 64.33, 54
during_giraffe_HD720_1280x720.jpg,1781984439.751,2026/06/20 19:40:39.701, 0, 22, 15238, 611, 54.54, 52
during_giraffe_HD720_1280x720.jpg,1781984439.751,2026/06/20 19:40:39.716, 1, 24, 13382, 2467, 56.35, 52
during_giraffe_HD720_1280x720.jpg,1781984439.751,2026/06/20 19:40:39.728, 2, 30, 13294, 2555, 59.66, 57
during_giraffe_HD720_1280x720.jpg,1781984439.751,2026/06/20 19:40:39.733, 3, 33, 14342, 1507, 65.53, 54
during_giraffe_HD720_1280x720.jpg,1781984440.385,2026/06/20 19:40:40.331, 0, 22, 15238, 611, 55.45, 51
during_giraffe_HD720_1280x720.jpg,1781984440.385,2026/06/20 19:40:40.348, 1, 30, 13382, 2467, 59.59, 51
during_giraffe_HD720_1280x720.jpg,1781984440.385,2026/06/20 19:40:40.353, 2, 30, 13294, 2555, 58.27, 59
during_giraffe_HD720_1280x720.jpg,1781984440.385,2026/06/20 19:40:40.359, 3, 33, 14342, 1507, 65.56, 54
during_giraffe_HD720_1280x720.jpg,1781984440.988,2026/06/20 19:40:40.951, 0, 22, 15238, 611, 55.74, 54
during_giraffe_HD720_1280x720.jpg,1781984440.988,2026/06/20 19:40:40.958, 1, 30, 13382, 2467, 59.73, 50
during_giraffe_HD720_1280x720.jpg,1781984440.988,2026/06/20 19:40:40.963, 2, 24, 13294, 2555, 56.76, 57
during_giraffe_HD720_1280x720.jpg,1781984440.988,2026/06/20 19:40:40.968, 3, 33, 14342, 1507, 62.50, 58
during_giraffe_HD720_1280x720.jpg,1781984441.603,2026/06/20 19:40:41.554, 0, 22, 15238, 611, 54.83, 55
during_giraffe_HD720_1280x720.jpg,1781984441.603,2026/06/20 19:40:41.565, 1, 30, 13382, 2467, 58.81, 56
during_giraffe_HD720_1280x720.jpg,1781984441.603,2026/06/20 19:40:41.577, 2, 14, 13294, 2555, 56.90, 55
during_giraffe_HD720_1280x720.jpg,1781984441.603,2026/06/20 19:40:41.582, 3, 17, 14342, 1507, 61.86, 59
during_giraffe_HD720_1280x720.jpg,1781984442.213,2026/06/20 19:40:42.168, 0, 11, 15238, 611, 53.08, 53
during_giraffe_HD720_1280x720.jpg,1781984442.213,2026/06/20 19:40:42.175, 1, 29, 13382, 2467, 56.56, 56
during_giraffe_HD720_1280x720.jpg,1781984442.213,2026/06/20 19:40:42.180, 2, 30, 13294, 2555, 57.93, 54
during_giraffe_HD720_1280x720.jpg,1781984442.213,2026/06/20 19:40:42.193, 3, 27, 14342, 1507, 63.91, 55
during_giraffe_HD720_1280x720.jpg,1781984442.819,2026/06/20 19:40:42.780, 0, 19, 15238, 611, 54.28, 52
during_giraffe_HD720_1280x720.jpg,1781984442.819,2026/06/20 19:40:42.786, 1, 15, 13382, 2467, 56.40, 53
during_giraffe_HD720_1280x720.jpg,1781984442.819,2026/06/20 19:40:42.791, 2, 30, 13294, 2555, 59.98, 54
during_giraffe_HD720_1280x720.jpg,1781984442.819,2026/06/20 19:40:42.796, 3, 33, 14342, 1507, 65.53, 54
during_giraffe_HD720_1280x720.jpg,1781984443.430,2026/06/20 19:40:43.388, 0, 22, 15238, 611, 55.51, 51
during_giraffe_HD720_1280x720.jpg,1781984443.430,2026/06/20 19:40:43.400, 1, 30, 13382, 2467, 59.74, 51
during_giraffe_HD720_1280x720.jpg,1781984443.430,2026/06/20 19:40:43.406, 2, 30, 13294, 2555, 59.87, 59
during_giraffe_HD720_1280x720.jpg,1781984443.430,2026/06/20 19:40:43.411, 3, 33, 14342, 1507, 65.56, 54
during_giraffe_HD720_1280x720.jpg,1781984444.057,2026/06/20 19:40:44.013, 0, 22, 15238, 611, 55.51, 51
during_giraffe_HD720_1280x720.jpg,1781984444.057,2026/06/20 19:40:44.019, 1, 30, 13382, 2467, 59.72, 51
during_giraffe_HD720_1280x720.jpg,1781984444.057,2026/06/20 19:40:44.025, 2, 30, 13294, 2555, 57.22, 57
during_giraffe_HD720_1280x720.jpg,1781984444.057,2026/06/20 19:40:44.037, 3, 33, 14342, 1507, 65.54, 58
during_giraffe_HD720_1280x720.jpg,1781984444.667,2026/06/20 19:40:44.625, 0, 22, 15238, 611, 55.55, 56
during_giraffe_HD720_1280x720.jpg,1781984444.667,2026/06/20 19:40:44.631, 1, 30, 13382, 2467, 59.77, 52
during_giraffe_HD720_1280x720.jpg,1781984444.667,2026/06/20 19:40:44.636, 2, 15, 13294, 2555, 55.85, 55
during_giraffe_HD720_1280x720.jpg,1781984444.667,2026/06/20 19:40:44.641, 3, 28, 14342, 1507, 61.86, 58
during_giraffe_HD720_1280x720.jpg,1781984445.268,2026/06/20 19:40:45.235, 0, 22, 15238, 611, 53.13, 53
during_giraffe_HD720_1280x720.jpg,1781984445.268,2026/06/20 19:40:45.241, 1, 30, 13382, 2467, 57.69, 57
during_giraffe_HD720_1280x720.jpg,1781984445.268,2026/06/20 19:40:45.246, 2, 23, 13294, 2555, 57.93, 55
during_giraffe_HD720_1280x720.jpg,1781984445.268,2026/06/20 19:40:45.252, 3, 18, 14342, 1507, 62.68, 55
during_giraffe_HD720_1280x720.jpg_end,1781984445.367,2026/06/20 19:40:45.334, 0, 0, 15238, 611, 51.50, 51
during_giraffe_HD720_1280x720.jpg_end,1781984445.367,2026/06/20 19:40:45.340, 1, 0, 13382, 2467, 55.87, 50
during_giraffe_HD720_1280x720.jpg_end,1781984445.367,2026/06/20 19:40:45.346, 2, 7, 13294, 2555, 56.52, 53
during_giraffe_HD720_1280x720.jpg_end,1781984445.367,2026/06/20 19:40:45.350, 3, 20, 14342, 1507, 61.47, 56
after_giraffe_HD720_1280x720.jpg,1781984445.463,2026/06/20 19:40:45.430, 0, 0, 15238, 611, 50.40, 51
after_giraffe_HD720_1280x720.jpg,1781984445.463,2026/06/20 19:40:45.436, 1, 0, 13382, 2467, 52.77, 49
after_giraffe_HD720_1280x720.jpg,1781984445.463,2026/06/20 19:40:45.441, 2, 0, 13294, 2555, 53.04, 53
after_giraffe_HD720_1280x720.jpg,1781984445.463,2026/06/20 19:40:45.446, 3, 0, 14342, 1507, 58.12, 53
before_giraffe_FHD_1920x1080.jpg,1781984446.084,2026/06/20 19:40:46.055, 0, 0, 15238, 611, 33.98, 50
before_giraffe_FHD_1920x1080.jpg,1781984446.084,2026/06/20 19:40:46.061, 1, 0, 13382, 2467, 32.72, 48
before_giraffe_FHD_1920x1080.jpg,1781984446.084,2026/06/20 19:40:46.065, 2, 0, 13294, 2555, 35.22, 52
before_giraffe_FHD_1920x1080.jpg,1781984446.084,2026/06/20 19:40:46.069, 3, 0, 14342, 1507, 36.60, 52
during_giraffe_FHD_1920x1080.jpg,1781984446.152,2026/06/20 19:40:46.123, 0, 0, 15238, 611, 31.42, 50
during_giraffe_FHD_1920x1080.jpg,1781984446.152,2026/06/20 19:40:46.129, 1, 0, 13382, 2467, 30.53, 48
during_giraffe_FHD_1920x1080.jpg,1781984446.152,2026/06/20 19:40:46.133, 2, 0, 13294, 2555, 31.70, 52
during_giraffe_FHD_1920x1080.jpg,1781984446.152,2026/06/20 19:40:46.137, 3, 0, 14342, 1507, 32.43, 52
during_giraffe_FHD_1920x1080.jpg,1781984446.752,2026/06/20 19:40:46.718, 0, 99, 15238, 611, 43.87, 57
during_giraffe_FHD_1920x1080.jpg,1781984446.752,2026/06/20 19:40:46.725, 1, 0, 13382, 2467, 30.88, 49
during_giraffe_FHD_1920x1080.jpg,1781984446.752,2026/06/20 19:40:46.730, 2, 0, 13294, 2555, 31.32, 52
during_giraffe_FHD_1920x1080.jpg,1781984446.752,2026/06/20 19:40:46.735, 3, 0, 14342, 1507, 30.66, 52
during_giraffe_FHD_1920x1080.jpg,1781984447.352,2026/06/20 19:40:47.317, 0, 100, 15238, 611, 105.34, 63
during_giraffe_FHD_1920x1080.jpg,1781984447.352,2026/06/20 19:40:47.326, 1, 0, 13382, 2467, 30.43, 48
during_giraffe_FHD_1920x1080.jpg,1781984447.352,2026/06/20 19:40:47.331, 2, 0, 13294, 2555, 31.94, 52
during_giraffe_FHD_1920x1080.jpg,1781984447.352,2026/06/20 19:40:47.336, 3, 0, 14342, 1507, 31.31, 51
during_giraffe_FHD_1920x1080.jpg,1781984447.954,2026/06/20 19:40:47.917, 0, 100, 15238, 611, 137.60, 63
during_giraffe_FHD_1920x1080.jpg,1781984447.954,2026/06/20 19:40:47.928, 1, 0, 13382, 2467, 30.43, 48
during_giraffe_FHD_1920x1080.jpg,1781984447.954,2026/06/20 19:40:47.933, 2, 0, 13294, 2555, 31.26, 52
during_giraffe_FHD_1920x1080.jpg,1781984447.954,2026/06/20 19:40:47.937, 3, 0, 14342, 1507, 30.66, 51
during_giraffe_FHD_1920x1080.jpg,1781984448.580,2026/06/20 19:40:48.537, 0, 59, 15238, 611, 122.23, 65
during_giraffe_FHD_1920x1080.jpg,1781984448.580,2026/06/20 19:40:48.545, 1, 89, 13382, 2467, 44.06, 63
during_giraffe_FHD_1920x1080.jpg,1781984448.580,2026/06/20 19:40:48.553, 2, 82, 13294, 2555, 33.28, 65
during_giraffe_FHD_1920x1080.jpg,1781984448.580,2026/06/20 19:40:48.559, 3, 3, 14342, 1507, 23.45, 61
during_giraffe_FHD_1920x1080.jpg,1781984449.195,2026/06/20 19:40:49.148, 0, 65, 15238, 611, 113.00, 62
during_giraffe_FHD_1920x1080.jpg,1781984449.195,2026/06/20 19:40:49.156, 1, 95, 13382, 2467, 81.33, 67
during_giraffe_FHD_1920x1080.jpg,1781984449.195,2026/06/20 19:40:49.164, 2, 95, 13294, 2555, 74.84, 70
during_giraffe_FHD_1920x1080.jpg,1781984449.195,2026/06/20 19:40:49.172, 3, 84, 14342, 1507, 67.07, 68
during_giraffe_FHD_1920x1080.jpg,1781984449.800,2026/06/20 19:40:49.756, 0, 63, 15238, 611, 123.88, 58
during_giraffe_FHD_1920x1080.jpg,1781984449.800,2026/06/20 19:40:49.764, 1, 93, 13382, 2467, 153.28, 64
during_giraffe_FHD_1920x1080.jpg,1781984449.800,2026/06/20 19:40:49.772, 2, 95, 13294, 2555, 152.54, 71
during_giraffe_FHD_1920x1080.jpg,1781984449.800,2026/06/20 19:40:49.779, 3, 82, 14342, 1507, 148.84, 66
during_giraffe_FHD_1920x1080.jpg,1781984450.424,2026/06/20 19:40:50.384, 0, 0, 15238, 611, 114.27, 54
during_giraffe_FHD_1920x1080.jpg,1781984450.424,2026/06/20 19:40:50.392, 1, 94, 13382, 2467, 150.38, 58
during_giraffe_FHD_1920x1080.jpg,1781984450.424,2026/06/20 19:40:50.397, 2, 97, 13294, 2555, 150.65, 70
during_giraffe_FHD_1920x1080.jpg,1781984450.424,2026/06/20 19:40:50.404, 3, 83, 14342, 1507, 149.15, 67
during_giraffe_FHD_1920x1080.jpg,1781984451.034,2026/06/20 19:40:50.990, 0, 22, 15238, 611, 76.27, 57
during_giraffe_FHD_1920x1080.jpg,1781984451.034,2026/06/20 19:40:50.997, 1, 31, 13382, 2467, 95.05, 53
during_giraffe_FHD_1920x1080.jpg,1781984451.034,2026/06/20 19:40:51.002, 2, 13, 13294, 2555, 103.47, 57
during_giraffe_FHD_1920x1080.jpg,1781984451.034,2026/06/20 19:40:51.015, 3, 27, 14342, 1507, 107.54, 59
during_giraffe_FHD_1920x1080.jpg,1781984451.658,2026/06/20 19:40:51.618, 0, 22, 15238, 611, 60.33, 56
during_giraffe_FHD_1920x1080.jpg,1781984451.658,2026/06/20 19:40:51.624, 1, 31, 13382, 2467, 63.54, 57
during_giraffe_FHD_1920x1080.jpg,1781984451.658,2026/06/20 19:40:51.630, 2, 14, 13294, 2555, 62.22, 56
during_giraffe_FHD_1920x1080.jpg,1781984451.658,2026/06/20 19:40:51.635, 3, 16, 14342, 1507, 66.78, 57
during_giraffe_FHD_1920x1080.jpg,1781984452.265,2026/06/20 19:40:52.224, 0, 19, 15238, 611, 56.19, 54
during_giraffe_FHD_1920x1080.jpg,1781984452.265,2026/06/20 19:40:52.235, 1, 31, 13382, 2467, 60.79, 57
during_giraffe_FHD_1920x1080.jpg,1781984452.265,2026/06/20 19:40:52.240, 2, 28, 13294, 2555, 62.25, 55
during_giraffe_FHD_1920x1080.jpg,1781984452.265,2026/06/20 19:40:52.245, 3, 18, 14342, 1507, 69.46, 56
during_giraffe_FHD_1920x1080.jpg,1781984452.882,2026/06/20 19:40:52.835, 0, 5, 15238, 611, 54.63, 53
during_giraffe_FHD_1920x1080.jpg,1781984452.882,2026/06/20 19:40:52.844, 1, 21, 13382, 2467, 58.69, 53
during_giraffe_FHD_1920x1080.jpg,1781984452.882,2026/06/20 19:40:52.858, 2, 31, 13294, 2555, 61.69, 55
during_giraffe_FHD_1920x1080.jpg,1781984452.882,2026/06/20 19:40:52.864, 3, 33, 14342, 1507, 68.90, 55
during_giraffe_FHD_1920x1080.jpg,1781984453.511,2026/06/20 19:40:53.467, 0, 17, 15238, 611, 55.01, 53
during_giraffe_FHD_1920x1080.jpg,1781984453.511,2026/06/20 19:40:53.474, 1, 14, 13382, 2467, 57.10, 53
during_giraffe_FHD_1920x1080.jpg,1781984453.511,2026/06/20 19:40:53.479, 2, 30, 13294, 2555, 60.51, 54
during_giraffe_FHD_1920x1080.jpg,1781984453.511,2026/06/20 19:40:53.485, 3, 33, 14342, 1507, 66.74, 54
during_giraffe_FHD_1920x1080.jpg,1781984454.115,2026/06/20 19:40:54.079, 0, 22, 15238, 611, 56.24, 52
during_giraffe_FHD_1920x1080.jpg,1781984454.115,2026/06/20 19:40:54.085, 1, 24, 13382, 2467, 59.60, 52
during_giraffe_FHD_1920x1080.jpg,1781984454.115,2026/06/20 19:40:54.090, 2, 30, 13294, 2555, 60.75, 57
during_giraffe_FHD_1920x1080.jpg,1781984454.115,2026/06/20 19:40:54.095, 3, 33, 14342, 1507, 66.64, 54
during_giraffe_FHD_1920x1080.jpg,1781984454.720,2026/06/20 19:40:54.679, 0, 22, 15238, 611, 56.19, 52
during_giraffe_FHD_1920x1080.jpg,1781984454.720,2026/06/20 19:40:54.691, 1, 31, 13382, 2467, 60.88, 52
during_giraffe_FHD_1920x1080.jpg,1781984454.720,2026/06/20 19:40:54.696, 2, 30, 13294, 2555, 60.26, 60
during_giraffe_FHD_1920x1080.jpg,1781984454.720,2026/06/20 19:40:54.701, 3, 33, 14342, 1507, 65.12, 54
during_giraffe_FHD_1920x1080.jpg,1781984455.330,2026/06/20 19:40:55.286, 0, 22, 15238, 611, 56.17, 52
during_giraffe_FHD_1920x1080.jpg,1781984455.330,2026/06/20 19:40:55.294, 1, 31, 13382, 2467, 60.46, 51
during_giraffe_FHD_1920x1080.jpg,1781984455.330,2026/06/20 19:40:55.305, 2, 31, 13294, 2555, 57.53, 58
during_giraffe_FHD_1920x1080.jpg,1781984455.330,2026/06/20 19:40:55.310, 3, 33, 14342, 1507, 65.18, 58
during_giraffe_FHD_1920x1080.jpg,1781984455.960,2026/06/20 19:40:55.897, 0, 22, 15238, 611, 55.03, 54
during_giraffe_FHD_1920x1080.jpg,1781984455.960,2026/06/20 19:40:55.904, 1, 31, 13382, 2467, 60.38, 51
during_giraffe_FHD_1920x1080.jpg,1781984455.960,2026/06/20 19:40:55.910, 2, 25, 13294, 2555, 56.83, 56
during_giraffe_FHD_1920x1080.jpg,1781984455.960,2026/06/20 19:40:55.924, 3, 33, 14342, 1507, 62.61, 60
during_giraffe_FHD_1920x1080.jpg,1781984456.569,2026/06/20 19:40:56.528, 0, 22, 15238, 611, 53.84, 57
during_giraffe_FHD_1920x1080.jpg,1781984456.569,2026/06/20 19:40:56.536, 1, 31, 13382, 2467, 60.42, 54
during_giraffe_FHD_1920x1080.jpg,1781984456.569,2026/06/20 19:40:56.541, 2, 14, 13294, 2555, 56.85, 56
during_giraffe_FHD_1920x1080.jpg,1781984456.569,2026/06/20 19:40:56.546, 3, 23, 14342, 1507, 62.61, 57
during_giraffe_FHD_1920x1080.jpg,1781984457.176,2026/06/20 19:40:57.134, 0, 22, 15238, 611, 53.80, 54
during_giraffe_FHD_1920x1080.jpg,1781984457.176,2026/06/20 19:40:57.146, 1, 31, 13382, 2467, 57.20, 57
during_giraffe_FHD_1920x1080.jpg,1781984457.176,2026/06/20 19:40:57.150, 2, 19, 13294, 2555, 58.54, 55
during_giraffe_FHD_1920x1080.jpg,1781984457.176,2026/06/20 19:40:57.156, 3, 16, 14342, 1507, 63.09, 55
during_giraffe_FHD_1920x1080.jpg,1781984457.785,2026/06/20 19:40:57.741, 0, 13, 15238, 611, 53.77, 53
during_giraffe_FHD_1920x1080.jpg,1781984457.785,2026/06/20 19:40:57.748, 1, 30, 13382, 2467, 57.20, 54
during_giraffe_FHD_1920x1080.jpg,1781984457.785,2026/06/20 19:40:57.760, 2, 30, 13294, 2555, 60.84, 55
during_giraffe_FHD_1920x1080.jpg,1781984457.785,2026/06/20 19:40:57.765, 3, 24, 14342, 1507, 64.51, 55
during_giraffe_FHD_1920x1080.jpg,1781984458.401,2026/06/20 19:40:58.351, 0, 5, 15238, 611, 53.81, 53
during_giraffe_FHD_1920x1080.jpg,1781984458.401,2026/06/20 19:40:58.358, 1, 23, 13382, 2467, 57.23, 53
during_giraffe_FHD_1920x1080.jpg,1781984458.401,2026/06/20 19:40:58.368, 2, 31, 13294, 2555, 60.73, 55
during_giraffe_FHD_1920x1080.jpg,1781984458.401,2026/06/20 19:40:58.381, 3, 32, 14342, 1507, 65.60, 55
during_giraffe_FHD_1920x1080.jpg,1781984459.021,2026/06/20 19:40:58.980, 0, 14, 15238, 611, 54.86, 53
during_giraffe_FHD_1920x1080.jpg,1781984459.021,2026/06/20 19:40:58.986, 1, 14, 13382, 2467, 57.26, 54
during_giraffe_FHD_1920x1080.jpg,1781984459.021,2026/06/20 19:40:58.990, 2, 30, 13294, 2555, 60.78, 54
during_giraffe_FHD_1920x1080.jpg,1781984459.021,2026/06/20 19:40:58.995, 3, 33, 14342, 1507, 66.71, 54
during_giraffe_FHD_1920x1080.jpg,1781984459.638,2026/06/20 19:40:59.600, 0, 22, 15238, 611, 54.45, 52
during_giraffe_FHD_1920x1080.jpg,1781984459.638,2026/06/20 19:40:59.611, 1, 19, 13382, 2467, 58.26, 52
during_giraffe_FHD_1920x1080.jpg,1781984459.638,2026/06/20 19:40:59.616, 2, 30, 13294, 2555, 60.74, 55
during_giraffe_FHD_1920x1080.jpg,1781984459.638,2026/06/20 19:40:59.620, 3, 33, 14342, 1507, 66.46, 54
during_giraffe_FHD_1920x1080.jpg,1781984460.251,2026/06/20 19:41:00.202, 0, 22, 15238, 611, 55.85, 52
during_giraffe_FHD_1920x1080.jpg,1781984460.251,2026/06/20 19:41:00.213, 1, 31, 13382, 2467, 58.53, 52
during_giraffe_FHD_1920x1080.jpg,1781984460.251,2026/06/20 19:41:00.225, 2, 31, 13294, 2555, 60.73, 59
during_giraffe_FHD_1920x1080.jpg,1781984460.251,2026/06/20 19:41:00.230, 3, 33, 14342, 1507, 66.51, 54
during_giraffe_FHD_1920x1080.jpg,1781984460.862,2026/06/20 19:41:00.821, 0, 22, 15238, 611, 56.20, 52
during_giraffe_FHD_1920x1080.jpg,1781984460.862,2026/06/20 19:41:00.828, 1, 30, 13382, 2467, 59.74, 51
during_giraffe_FHD_1920x1080.jpg,1781984460.862,2026/06/20 19:41:00.833, 2, 31, 13294, 2555, 59.12, 58
during_giraffe_FHD_1920x1080.jpg,1781984460.862,2026/06/20 19:41:00.844, 3, 33, 14342, 1507, 64.48, 56
during_giraffe_FHD_1920x1080.jpg,1781984461.473,2026/06/20 19:41:01.428, 0, 22, 15238, 611, 56.24, 52
during_giraffe_FHD_1920x1080.jpg,1781984461.473,2026/06/20 19:41:01.435, 1, 31, 13382, 2467, 60.93, 51
during_giraffe_FHD_1920x1080.jpg,1781984461.473,2026/06/20 19:41:01.441, 2, 31, 13294, 2555, 57.54, 60
during_giraffe_FHD_1920x1080.jpg,1781984461.473,2026/06/20 19:41:01.447, 3, 33, 14342, 1507, 64.26, 59
during_giraffe_FHD_1920x1080.jpg,1781984462.080,2026/06/20 19:41:02.041, 0, 22, 15238, 611, 56.27, 55
during_giraffe_FHD_1920x1080.jpg,1781984462.080,2026/06/20 19:41:02.047, 1, 31, 13382, 2467, 60.55, 51
during_giraffe_FHD_1920x1080.jpg,1781984462.080,2026/06/20 19:41:02.052, 2, 21, 13294, 2555, 56.78, 57
during_giraffe_FHD_1920x1080.jpg,1781984462.080,2026/06/20 19:41:02.057, 3, 33, 14342, 1507, 62.81, 58
during_giraffe_FHD_1920x1080.jpg_end,1781984462.513,2026/06/20 19:41:02.481, 0, 8, 15238, 611, 53.85, 51
during_giraffe_FHD_1920x1080.jpg_end,1781984462.513,2026/06/20 19:41:02.487, 1, 26, 13382, 2467, 57.31, 50
during_giraffe_FHD_1920x1080.jpg_end,1781984462.513,2026/06/20 19:41:02.492, 2, 0, 13294, 2555, 56.77, 55
during_giraffe_FHD_1920x1080.jpg_end,1781984462.513,2026/06/20 19:41:02.497, 3, 29, 14342, 1507, 65.69, 55
after_giraffe_FHD_1920x1080.jpg,1781984462.606,2026/06/20 19:41:02.572, 0, 0, 15238, 611, 51.15, 51
after_giraffe_FHD_1920x1080.jpg,1781984462.606,2026/06/20 19:41:02.578, 1, 0, 13382, 2467, 53.75, 50
after_giraffe_FHD_1920x1080.jpg,1781984462.606,2026/06/20 19:41:02.582, 2, 0, 13294, 2555, 52.91, 53
after_giraffe_FHD_1920x1080.jpg,1781984462.606,2026/06/20 19:41:02.588, 3, 4, 14342, 1507, 61.95, 53
before_giraffe_APSC_3072x2048.jpg,1781984463.224,2026/06/20 19:41:03.193, 0, 0, 15238, 611, 37.07, 51
before_giraffe_APSC_3072x2048.jpg,1781984463.224,2026/06/20 19:41:03.199, 1, 0, 13382, 2467, 34.65, 49
before_giraffe_APSC_3072x2048.jpg,1781984463.224,2026/06/20 19:41:03.204, 2, 0, 13294, 2555, 35.76, 52
before_giraffe_APSC_3072x2048.jpg,1781984463.224,2026/06/20 19:41:03.208, 3, 0, 14342, 1507, 36.98, 52
during_giraffe_APSC_3072x2048.jpg,1781984463.320,2026/06/20 19:41:03.289, 0, 0, 15238, 611, 34.25, 51
during_giraffe_APSC_3072x2048.jpg,1781984463.320,2026/06/20 19:41:03.295, 1, 0, 13382, 2467, 29.42, 49
during_giraffe_APSC_3072x2048.jpg,1781984463.320,2026/06/20 19:41:03.300, 2, 0, 13294, 2555, 32.18, 52
during_giraffe_APSC_3072x2048.jpg,1781984463.320,2026/06/20 19:41:03.304, 3, 0, 14342, 1507, 32.71, 52
during_giraffe_APSC_3072x2048.jpg,1781984463.918,2026/06/20 19:41:03.885, 0, 0, 15238, 611, 33.32, 51
during_giraffe_APSC_3072x2048.jpg,1781984463.918,2026/06/20 19:41:03.891, 1, 9, 13382, 2467, 30.78, 50
during_giraffe_APSC_3072x2048.jpg,1781984463.918,2026/06/20 19:41:03.896, 2, 0, 13294, 2555, 32.28, 54
during_giraffe_APSC_3072x2048.jpg,1781984463.918,2026/06/20 19:41:03.901, 3, 20, 14342, 1507, 25.95, 61
during_giraffe_APSC_3072x2048.jpg,1781984464.512,2026/06/20 19:41:04.481, 0, 0, 15238, 611, 33.35, 50
during_giraffe_APSC_3072x2048.jpg,1781984464.512,2026/06/20 19:41:04.487, 1, 0, 13382, 2467, 30.13, 48
during_giraffe_APSC_3072x2048.jpg,1781984464.512,2026/06/20 19:41:04.492, 2, 0, 13294, 2555, 31.06, 52
during_giraffe_APSC_3072x2048.jpg,1781984464.512,2026/06/20 19:41:04.497, 3, 0, 14342, 1507, 30.68, 52
during_giraffe_APSC_3072x2048.jpg,1781984465.107,2026/06/20 19:41:05.077, 0, 0, 15238, 611, 32.57, 50
during_giraffe_APSC_3072x2048.jpg,1781984465.107,2026/06/20 19:41:05.083, 1, 0, 13382, 2467, 30.39, 48
during_giraffe_APSC_3072x2048.jpg,1781984465.107,2026/06/20 19:41:05.087, 2, 0, 13294, 2555, 31.68, 52
during_giraffe_APSC_3072x2048.jpg,1781984465.107,2026/06/20 19:41:05.092, 3, 0, 14342, 1507, 30.69, 52
during_giraffe_APSC_3072x2048.jpg,1781984465.706,2026/06/20 19:41:05.673, 0, 76, 15238, 611, 28.39, 50
during_giraffe_APSC_3072x2048.jpg,1781984465.706,2026/06/20 19:41:05.681, 1, 0, 13382, 2467, 30.39, 48
during_giraffe_APSC_3072x2048.jpg,1781984465.706,2026/06/20 19:41:05.685, 2, 0, 13294, 2555, 31.68, 52
during_giraffe_APSC_3072x2048.jpg,1781984465.706,2026/06/20 19:41:05.690, 3, 0, 14342, 1507, 30.69, 52
during_giraffe_APSC_3072x2048.jpg,1781984466.309,2026/06/20 19:41:06.270, 0, 100, 15238, 611, 55.86, 62
during_giraffe_APSC_3072x2048.jpg,1781984466.309,2026/06/20 19:41:06.282, 1, 0, 13382, 2467, 22.69, 48
during_giraffe_APSC_3072x2048.jpg,1781984466.309,2026/06/20 19:41:06.287, 2, 0, 13294, 2555, 24.17, 52
during_giraffe_APSC_3072x2048.jpg,1781984466.309,2026/06/20 19:41:06.292, 3, 0, 14342, 1507, 23.51, 51
during_giraffe_APSC_3072x2048.jpg,1781984466.936,2026/06/20 19:41:06.906, 0, 100, 15238, 611, 133.78, 63
during_giraffe_APSC_3072x2048.jpg,1781984466.936,2026/06/20 19:41:06.913, 1, 0, 13382, 2467, 22.66, 48
during_giraffe_APSC_3072x2048.jpg,1781984466.936,2026/06/20 19:41:06.917, 2, 0, 13294, 2555, 23.93, 51
during_giraffe_APSC_3072x2048.jpg,1781984466.936,2026/06/20 19:41:06.921, 3, 0, 14342, 1507, 23.38, 51
during_giraffe_APSC_3072x2048.jpg,1781984467.518,2026/06/20 19:41:07.484, 0, 100, 15238, 611, 134.93, 63
during_giraffe_APSC_3072x2048.jpg,1781984467.518,2026/06/20 19:41:07.492, 1, 0, 13382, 2467, 22.66, 48
during_giraffe_APSC_3072x2048.jpg,1781984467.518,2026/06/20 19:41:07.497, 2, 0, 13294, 2555, 23.93, 51
during_giraffe_APSC_3072x2048.jpg,1781984467.518,2026/06/20 19:41:07.501, 3, 0, 14342, 1507, 23.38, 51
during_giraffe_APSC_3072x2048.jpg,1781984468.115,2026/06/20 19:41:08.081, 0, 100, 15238, 611, 136.01, 64
during_giraffe_APSC_3072x2048.jpg,1781984468.115,2026/06/20 19:41:08.089, 1, 0, 13382, 2467, 22.64, 48
during_giraffe_APSC_3072x2048.jpg,1781984468.115,2026/06/20 19:41:08.093, 2, 0, 13294, 2555, 23.92, 51
during_giraffe_APSC_3072x2048.jpg,1781984468.115,2026/06/20 19:41:08.098, 3, 0, 14342, 1507, 23.40, 51
during_giraffe_APSC_3072x2048.jpg,1781984468.716,2026/06/20 19:41:08.682, 0, 100, 15238, 611, 135.72, 64
during_giraffe_APSC_3072x2048.jpg,1781984468.716,2026/06/20 19:41:08.690, 1, 0, 13382, 2467, 22.64, 48
during_giraffe_APSC_3072x2048.jpg,1781984468.716,2026/06/20 19:41:08.694, 2, 0, 13294, 2555, 23.92, 51
during_giraffe_APSC_3072x2048.jpg,1781984468.716,2026/06/20 19:41:08.699, 3, 0, 14342, 1507, 23.40, 51
during_giraffe_APSC_3072x2048.jpg,1781984469.339,2026/06/20 19:41:09.283, 0, 100, 15238, 611, 136.34, 64
during_giraffe_APSC_3072x2048.jpg,1781984469.339,2026/06/20 19:41:09.292, 1, 0, 13382, 2467, 22.57, 48
during_giraffe_APSC_3072x2048.jpg,1781984469.339,2026/06/20 19:41:09.303, 2, 0, 13294, 2555, 23.86, 51
during_giraffe_APSC_3072x2048.jpg,1781984469.339,2026/06/20 19:41:09.312, 3, 0, 14342, 1507, 23.40, 51
during_giraffe_APSC_3072x2048.jpg,1781984469.939,2026/06/20 19:41:09.905, 0, 100, 15238, 611, 137.23, 64
during_giraffe_APSC_3072x2048.jpg,1781984469.939,2026/06/20 19:41:09.913, 1, 0, 13382, 2467, 22.48, 47
during_giraffe_APSC_3072x2048.jpg,1781984469.939,2026/06/20 19:41:09.918, 2, 0, 13294, 2555, 23.75, 51
during_giraffe_APSC_3072x2048.jpg,1781984469.939,2026/06/20 19:41:09.923, 3, 0, 14342, 1507, 23.30, 51
during_giraffe_APSC_3072x2048.jpg,1781984470.539,2026/06/20 19:41:10.506, 0, 100, 15238, 611, 137.24, 65
during_giraffe_APSC_3072x2048.jpg,1781984470.539,2026/06/20 19:41:10.514, 1, 0, 13382, 2467, 22.48, 47
during_giraffe_APSC_3072x2048.jpg,1781984470.539,2026/06/20 19:41:10.518, 2, 0, 13294, 2555, 23.75, 51
during_giraffe_APSC_3072x2048.jpg,1781984470.539,2026/06/20 19:41:10.523, 3, 0, 14342, 1507, 23.30, 51
during_giraffe_APSC_3072x2048.jpg,1781984471.120,2026/06/20 19:41:11.087, 0, 100, 15238, 611, 137.31, 65
during_giraffe_APSC_3072x2048.jpg,1781984471.120,2026/06/20 19:41:11.094, 1, 0, 13382, 2467, 22.48, 47
during_giraffe_APSC_3072x2048.jpg,1781984471.120,2026/06/20 19:41:11.099, 2, 0, 13294, 2555, 23.78, 51
during_giraffe_APSC_3072x2048.jpg,1781984471.120,2026/06/20 19:41:11.104, 3, 0, 14342, 1507, 23.29, 51
during_giraffe_APSC_3072x2048.jpg,1781984471.719,2026/06/20 19:41:11.686, 0, 100, 15238, 611, 137.17, 65
during_giraffe_APSC_3072x2048.jpg,1781984471.719,2026/06/20 19:41:11.693, 1, 0, 13382, 2467, 22.48, 47
during_giraffe_APSC_3072x2048.jpg,1781984471.719,2026/06/20 19:41:11.698, 2, 0, 13294, 2555, 23.78, 51
during_giraffe_APSC_3072x2048.jpg,1781984471.719,2026/06/20 19:41:11.703, 3, 0, 14342, 1507, 23.29, 51
during_giraffe_APSC_3072x2048.jpg,1781984472.319,2026/06/20 19:41:12.286, 0, 100, 15238, 611, 137.51, 65
during_giraffe_APSC_3072x2048.jpg,1781984472.319,2026/06/20 19:41:12.293, 1, 0, 13382, 2467, 22.48, 47
during_giraffe_APSC_3072x2048.jpg,1781984472.319,2026/06/20 19:41:12.298, 2, 0, 13294, 2555, 23.75, 51
during_giraffe_APSC_3072x2048.jpg,1781984472.319,2026/06/20 19:41:12.303, 3, 0, 14342, 1507, 23.32, 51
during_giraffe_APSC_3072x2048.jpg,1781984472.919,2026/06/20 19:41:12.886, 0, 100, 15238, 611, 137.38, 65
during_giraffe_APSC_3072x2048.jpg,1781984472.919,2026/06/20 19:41:12.893, 1, 0, 13382, 2467, 22.47, 47
during_giraffe_APSC_3072x2048.jpg,1781984472.919,2026/06/20 19:41:12.898, 2, 0, 13294, 2555, 23.68, 51
during_giraffe_APSC_3072x2048.jpg,1781984472.919,2026/06/20 19:41:12.903, 3, 0, 14342, 1507, 23.19, 50
during_giraffe_APSC_3072x2048.jpg,1781984473.516,2026/06/20 19:41:13.485, 0, 5, 15238, 611, 126.20, 55
during_giraffe_APSC_3072x2048.jpg,1781984473.516,2026/06/20 19:41:13.491, 1, 0, 13382, 2467, 22.47, 47
during_giraffe_APSC_3072x2048.jpg,1781984473.516,2026/06/20 19:41:13.496, 2, 0, 13294, 2555, 23.68, 51
during_giraffe_APSC_3072x2048.jpg,1781984473.516,2026/06/20 19:41:13.500, 3, 0, 14342, 1507, 23.19, 50
during_giraffe_APSC_3072x2048.jpg,1781984474.126,2026/06/20 19:41:14.081, 0, 57, 15238, 611, 95.61, 59
during_giraffe_APSC_3072x2048.jpg,1781984474.126,2026/06/20 19:41:14.090, 1, 85, 13382, 2467, 47.45, 58
during_giraffe_APSC_3072x2048.jpg,1781984474.126,2026/06/20 19:41:14.097, 2, 86, 13294, 2555, 44.11, 66
during_giraffe_APSC_3072x2048.jpg,1781984474.126,2026/06/20 19:41:14.104, 3, 98, 14342, 1507, 36.26, 60
during_giraffe_APSC_3072x2048.jpg,1781984474.736,2026/06/20 19:41:14.690, 0, 60, 15238, 611, 115.31, 59
during_giraffe_APSC_3072x2048.jpg,1781984474.736,2026/06/20 19:41:14.698, 1, 89, 13382, 2467, 79.64, 61
during_giraffe_APSC_3072x2048.jpg,1781984474.736,2026/06/20 19:41:14.707, 2, 90, 13294, 2555, 77.18, 69
during_giraffe_APSC_3072x2048.jpg,1781984474.736,2026/06/20 19:41:14.715, 3, 79, 14342, 1507, 70.04, 68
during_giraffe_APSC_3072x2048.jpg,1781984475.349,2026/06/20 19:41:15.304, 0, 60, 15238, 611, 118.45, 59
during_giraffe_APSC_3072x2048.jpg,1781984475.349,2026/06/20 19:41:15.313, 1, 89, 13382, 2467, 150.00, 62
during_giraffe_APSC_3072x2048.jpg,1781984475.349,2026/06/20 19:41:15.320, 2, 89, 13294, 2555, 148.70, 70
during_giraffe_APSC_3072x2048.jpg,1781984475.349,2026/06/20 19:41:15.327, 3, 78, 14342, 1507, 143.14, 68
during_giraffe_APSC_3072x2048.jpg,1781984475.959,2026/06/20 19:41:15.915, 0, 58, 15238, 611, 117.01, 60
during_giraffe_APSC_3072x2048.jpg,1781984475.959,2026/06/20 19:41:15.923, 1, 87, 13382, 2467, 148.81, 67
during_giraffe_APSC_3072x2048.jpg,1781984475.959,2026/06/20 19:41:15.931, 2, 88, 13294, 2555, 147.55, 71
during_giraffe_APSC_3072x2048.jpg,1781984475.959,2026/06/20 19:41:15.938, 3, 77, 14342, 1507, 141.96, 68
during_giraffe_APSC_3072x2048.jpg,1781984476.569,2026/06/20 19:41:16.527, 0, 58, 15238, 611, 115.95, 63
during_giraffe_APSC_3072x2048.jpg,1781984476.569,2026/06/20 19:41:16.536, 1, 87, 13382, 2467, 148.07, 68
during_giraffe_APSC_3072x2048.jpg,1781984476.569,2026/06/20 19:41:16.543, 2, 88, 13294, 2555, 147.45, 71
during_giraffe_APSC_3072x2048.jpg,1781984476.569,2026/06/20 19:41:16.550, 3, 77, 14342, 1507, 141.16, 69
during_giraffe_APSC_3072x2048.jpg,1781984477.206,2026/06/20 19:41:17.144, 0, 57, 15238, 611, 115.38, 68
during_giraffe_APSC_3072x2048.jpg,1781984477.206,2026/06/20 19:41:17.161, 1, 86, 13382, 2467, 147.58, 68
during_giraffe_APSC_3072x2048.jpg,1781984477.206,2026/06/20 19:41:17.181, 2, 90, 13294, 2555, 148.06, 71
during_giraffe_APSC_3072x2048.jpg,1781984477.206,2026/06/20 19:41:17.189, 3, 76, 14342, 1507, 140.56, 68
during_giraffe_APSC_3072x2048.jpg,1781984477.825,2026/06/20 19:41:17.788, 0, 60, 15238, 611, 116.74, 67
during_giraffe_APSC_3072x2048.jpg,1781984477.825,2026/06/20 19:41:17.795, 1, 86, 13382, 2467, 147.42, 68
during_giraffe_APSC_3072x2048.jpg,1781984477.825,2026/06/20 19:41:17.802, 2, 87, 13294, 2555, 145.87, 70
during_giraffe_APSC_3072x2048.jpg,1781984477.825,2026/06/20 19:41:17.809, 3, 79, 14342, 1507, 142.50, 67
during_giraffe_APSC_3072x2048.jpg,1781984478.432,2026/06/20 19:41:18.390, 0, 60, 15238, 611, 118.51, 64
during_giraffe_APSC_3072x2048.jpg,1781984478.432,2026/06/20 19:41:18.398, 1, 87, 13382, 2467, 148.89, 67
during_giraffe_APSC_3072x2048.jpg,1781984478.432,2026/06/20 19:41:18.406, 2, 85, 13294, 2555, 145.43, 66
during_giraffe_APSC_3072x2048.jpg,1781984478.432,2026/06/20 19:41:18.413, 3, 75, 14342, 1507, 141.72, 61
during_giraffe_APSC_3072x2048.jpg,1781984479.039,2026/06/20 19:41:18.999, 0, 56, 15238, 611, 116.46, 59
during_giraffe_APSC_3072x2048.jpg,1781984479.039,2026/06/20 19:41:19.005, 1, 85, 13382, 2467, 146.76, 63
during_giraffe_APSC_3072x2048.jpg,1781984479.039,2026/06/20 19:41:19.013, 2, 87, 13294, 2555, 144.78, 72
during_giraffe_APSC_3072x2048.jpg,1781984479.039,2026/06/20 19:41:19.020, 3, 76, 14342, 1507, 138.79, 70
during_giraffe_APSC_3072x2048.jpg,1781984479.644,2026/06/20 19:41:19.606, 0, 0, 15238, 611, 71.00, 63
during_giraffe_APSC_3072x2048.jpg,1781984479.644,2026/06/20 19:41:19.613, 1, 0, 13382, 2467, 100.22, 58
during_giraffe_APSC_3072x2048.jpg,1781984479.644,2026/06/20 19:41:19.618, 2, 0, 13294, 2555, 108.38, 57
during_giraffe_APSC_3072x2048.jpg,1781984479.644,2026/06/20 19:41:19.626, 3, 4, 14342, 1507, 112.60, 58
during_giraffe_APSC_3072x2048.jpg,1781984480.258,2026/06/20 19:41:20.210, 0, 13, 15238, 611, 56.22, 55
during_giraffe_APSC_3072x2048.jpg,1781984480.258,2026/06/20 19:41:20.223, 1, 10, 13382, 2467, 60.54, 54
during_giraffe_APSC_3072x2048.jpg,1781984480.258,2026/06/20 19:41:20.235, 2, 32, 13294, 2555, 65.72, 59
during_giraffe_APSC_3072x2048.jpg,1781984480.258,2026/06/20 19:41:20.240, 3, 34, 14342, 1507, 76.86, 56
during_giraffe_APSC_3072x2048.jpg,1781984480.871,2026/06/20 19:41:20.822, 0, 5, 15238, 611, 59.37, 55
during_giraffe_APSC_3072x2048.jpg,1781984480.871,2026/06/20 19:41:20.834, 1, 16, 13382, 2467, 62.26, 54
during_giraffe_APSC_3072x2048.jpg,1781984480.871,2026/06/20 19:41:20.847, 2, 32, 13294, 2555, 62.13, 56
during_giraffe_APSC_3072x2048.jpg,1781984480.871,2026/06/20 19:41:20.852, 3, 34, 14342, 1507, 71.97, 55
during_giraffe_APSC_3072x2048.jpg,1781984481.480,2026/06/20 19:41:21.438, 0, 5, 15238, 611, 56.55, 55
during_giraffe_APSC_3072x2048.jpg,1781984481.480,2026/06/20 19:41:21.446, 1, 24, 13382, 2467, 61.41, 54
during_giraffe_APSC_3072x2048.jpg,1781984481.480,2026/06/20 19:41:21.456, 2, 32, 13294, 2555, 63.34, 55
during_giraffe_APSC_3072x2048.jpg,1781984481.480,2026/06/20 19:41:21.462, 3, 29, 14342, 1507, 70.15, 56
during_giraffe_APSC_3072x2048.jpg,1781984482.090,2026/06/20 19:41:22.045, 0, 14, 15238, 611, 55.38, 55
during_giraffe_APSC_3072x2048.jpg,1781984482.090,2026/06/20 19:41:22.054, 1, 32, 13382, 2467, 58.81, 56
during_giraffe_APSC_3072x2048.jpg,1781984482.090,2026/06/20 19:41:22.065, 2, 32, 13294, 2555, 62.33, 55
during_giraffe_APSC_3072x2048.jpg,1781984482.090,2026/06/20 19:41:22.070, 3, 20, 14342, 1507, 66.00, 56
during_giraffe_APSC_3072x2048.jpg,1781984482.711,2026/06/20 19:41:22.655, 0, 23, 15238, 611, 55.83, 55
during_giraffe_APSC_3072x2048.jpg,1781984482.711,2026/06/20 19:41:22.664, 1, 32, 13382, 2467, 58.74, 55
during_giraffe_APSC_3072x2048.jpg,1781984482.711,2026/06/20 19:41:22.679, 2, 23, 13294, 2555, 60.21, 56
during_giraffe_APSC_3072x2048.jpg,1781984482.711,2026/06/20 19:41:22.686, 3, 13, 14342, 1507, 64.78, 58
during_giraffe_APSC_3072x2048.jpg,1781984483.327,2026/06/20 19:41:23.280, 0, 23, 15238, 611, 55.76, 58
during_giraffe_APSC_3072x2048.jpg,1781984483.327,2026/06/20 19:41:23.287, 1, 32, 13382, 2467, 59.49, 51
during_giraffe_APSC_3072x2048.jpg,1781984483.327,2026/06/20 19:41:23.297, 2, 17, 13294, 2555, 58.96, 56
during_giraffe_APSC_3072x2048.jpg,1781984483.327,2026/06/20 19:41:23.307, 3, 13, 14342, 1507, 63.89, 61
during_giraffe_APSC_3072x2048.jpg,1781984483.949,2026/06/20 19:41:23.907, 0, 23, 15238, 611, 55.24, 55
during_giraffe_APSC_3072x2048.jpg,1781984483.949,2026/06/20 19:41:23.914, 1, 32, 13382, 2467, 58.75, 51
during_giraffe_APSC_3072x2048.jpg,1781984483.949,2026/06/20 19:41:23.919, 2, 26, 13294, 2555, 59.69, 56
during_giraffe_APSC_3072x2048.jpg,1781984483.949,2026/06/20 19:41:23.929, 3, 34, 14342, 1507, 63.91, 60
during_giraffe_APSC_3072x2048.jpg,1781984484.541,2026/06/20 19:41:24.496, 0, 23, 15238, 611, 55.84, 53
during_giraffe_APSC_3072x2048.jpg,1781984484.541,2026/06/20 19:41:24.503, 1, 32, 13382, 2467, 58.80, 51
during_giraffe_APSC_3072x2048.jpg,1781984484.541,2026/06/20 19:41:24.513, 2, 32, 13294, 2555, 59.68, 57
during_giraffe_APSC_3072x2048.jpg,1781984484.541,2026/06/20 19:41:24.522, 3, 34, 14342, 1507, 64.75, 59
during_giraffe_APSC_3072x2048.jpg,1781984485.154,2026/06/20 19:41:25.107, 0, 23, 15238, 611, 56.67, 53
during_giraffe_APSC_3072x2048.jpg,1781984485.154,2026/06/20 19:41:25.114, 1, 32, 13382, 2467, 59.94, 52
during_giraffe_APSC_3072x2048.jpg,1781984485.154,2026/06/20 19:41:25.125, 2, 32, 13294, 2555, 58.88, 59
during_giraffe_APSC_3072x2048.jpg,1781984485.154,2026/06/20 19:41:25.135, 3, 34, 14342, 1507, 63.85, 58
during_giraffe_APSC_3072x2048.jpg,1781984485.767,2026/06/20 19:41:25.721, 0, 23, 15238, 611, 57.79, 53
during_giraffe_APSC_3072x2048.jpg,1781984485.767,2026/06/20 19:41:25.728, 1, 25, 13382, 2467, 61.07, 52
during_giraffe_APSC_3072x2048.jpg,1781984485.767,2026/06/20 19:41:25.737, 2, 32, 13294, 2555, 58.86, 57
during_giraffe_APSC_3072x2048.jpg,1781984485.767,2026/06/20 19:41:25.747, 3, 34, 14342, 1507, 63.80, 54
during_giraffe_APSC_3072x2048.jpg,1781984486.401,2026/06/20 19:41:26.352, 0, 23, 15238, 611, 57.98, 53
during_giraffe_APSC_3072x2048.jpg,1781984486.401,2026/06/20 19:41:26.359, 1, 16, 13382, 2467, 59.97, 52
during_giraffe_APSC_3072x2048.jpg,1781984486.401,2026/06/20 19:41:26.364, 2, 32, 13294, 2555, 58.90, 54
during_giraffe_APSC_3072x2048.jpg,1781984486.401,2026/06/20 19:41:26.376, 3, 34, 14342, 1507, 64.75, 54
during_giraffe_APSC_3072x2048.jpg,1781984487.013,2026/06/20 19:41:26.968, 0, 18, 15238, 611, 56.26, 54
during_giraffe_APSC_3072x2048.jpg,1781984487.013,2026/06/20 19:41:26.976, 1, 10, 13382, 2467, 58.82, 54
during_giraffe_APSC_3072x2048.jpg,1781984487.013,2026/06/20 19:41:26.981, 2, 32, 13294, 2555, 59.04, 54
during_giraffe_APSC_3072x2048.jpg,1781984487.013,2026/06/20 19:41:26.987, 3, 34, 14342, 1507, 65.97, 55
during_giraffe_APSC_3072x2048.jpg,1781984487.620,2026/06/20 19:41:27.580, 0, 9, 15238, 611, 56.13, 54
during_giraffe_APSC_3072x2048.jpg,1781984487.620,2026/06/20 19:41:27.586, 1, 11, 13382, 2467, 59.28, 55
during_giraffe_APSC_3072x2048.jpg,1781984487.620,2026/06/20 19:41:27.591, 2, 32, 13294, 2555, 62.09, 54
during_giraffe_APSC_3072x2048.jpg,1781984487.620,2026/06/20 19:41:27.597, 3, 34, 14342, 1507, 64.95, 55
during_giraffe_APSC_3072x2048.jpg,1781984488.229,2026/06/20 19:41:28.188, 0, 1, 15238, 611, 55.08, 55
during_giraffe_APSC_3072x2048.jpg,1781984488.229,2026/06/20 19:41:28.195, 1, 20, 13382, 2467, 59.25, 58
during_giraffe_APSC_3072x2048.jpg,1781984488.229,2026/06/20 19:41:28.200, 2, 23, 13294, 2555, 59.92, 55
during_giraffe_APSC_3072x2048.jpg,1781984488.229,2026/06/20 19:41:28.206, 3, 33, 14342, 1507, 65.12, 55
during_giraffe_APSC_3072x2048.jpg,1781984488.841,2026/06/20 19:41:28.796, 0, 10, 15238, 611, 55.07, 56
during_giraffe_APSC_3072x2048.jpg,1781984488.841,2026/06/20 19:41:28.803, 1, 29, 13382, 2467, 59.24, 56
during_giraffe_APSC_3072x2048.jpg,1781984488.841,2026/06/20 19:41:28.809, 2, 14, 13294, 2555, 59.79, 55
during_giraffe_APSC_3072x2048.jpg,1781984488.841,2026/06/20 19:41:28.815, 3, 13, 14342, 1507, 64.54, 56
during_giraffe_APSC_3072x2048.jpg,1781984489.460,2026/06/20 19:41:29.407, 0, 19, 15238, 611, 55.01, 58
during_giraffe_APSC_3072x2048.jpg,1781984489.460,2026/06/20 19:41:29.414, 1, 32, 13382, 2467, 59.23, 55
during_giraffe_APSC_3072x2048.jpg,1781984489.460,2026/06/20 19:41:29.419, 2, 10, 13294, 2555, 58.65, 55
during_giraffe_APSC_3072x2048.jpg,1781984489.460,2026/06/20 19:41:29.429, 3, 19, 14342, 1507, 63.73, 56
during_giraffe_APSC_3072x2048.jpg,1781984490.067,2026/06/20 19:41:30.026, 0, 23, 15238, 611, 55.46, 57
during_giraffe_APSC_3072x2048.jpg,1781984490.067,2026/06/20 19:41:30.032, 1, 32, 13382, 2467, 58.51, 52
during_giraffe_APSC_3072x2048.jpg,1781984490.067,2026/06/20 19:41:30.037, 2, 13, 13294, 2555, 58.62, 55
during_giraffe_APSC_3072x2048.jpg,1781984490.067,2026/06/20 19:41:30.042, 3, 28, 14342, 1507, 64.63, 58
during_giraffe_APSC_3072x2048.jpg,1781984490.677,2026/06/20 19:41:30.635, 0, 23, 15238, 611, 55.50, 56
during_giraffe_APSC_3072x2048.jpg,1781984490.677,2026/06/20 19:41:30.641, 1, 32, 13382, 2467, 59.56, 51
during_giraffe_APSC_3072x2048.jpg,1781984490.677,2026/06/20 19:41:30.646, 2, 22, 13294, 2555, 58.60, 58
during_giraffe_APSC_3072x2048.jpg,1781984490.677,2026/06/20 19:41:30.652, 3, 34, 14342, 1507, 64.59, 57
during_giraffe_APSC_3072x2048.jpg,1781984491.285,2026/06/20 19:41:31.244, 0, 23, 15238, 611, 55.54, 53
during_giraffe_APSC_3072x2048.jpg,1781984491.285,2026/06/20 19:41:31.251, 1, 32, 13382, 2467, 60.71, 51
during_giraffe_APSC_3072x2048.jpg,1781984491.285,2026/06/20 19:41:31.256, 2, 31, 13294, 2555, 59.34, 60
during_giraffe_APSC_3072x2048.jpg,1781984491.285,2026/06/20 19:41:31.260, 3, 34, 14342, 1507, 63.66, 54
during_giraffe_APSC_3072x2048.jpg_end,1781984491.857,2026/06/20 19:41:31.825, 0, 0, 15238, 611, 52.65, 53
during_giraffe_APSC_3072x2048.jpg_end,1781984491.857,2026/06/20 19:41:31.831, 1, 0, 13382, 2467, 55.86, 51
during_giraffe_APSC_3072x2048.jpg_end,1781984491.857,2026/06/20 19:41:31.836, 2, 32, 13294, 2555, 59.43, 57
during_giraffe_APSC_3072x2048.jpg_end,1781984491.857,2026/06/20 19:41:31.840, 3, 34, 14342, 1507, 63.71, 58
after_giraffe_APSC_3072x2048.jpg,1781984491.955,2026/06/20 19:41:31.923, 0, 0, 15238, 611, 51.76, 52
after_giraffe_APSC_3072x2048.jpg,1781984491.955,2026/06/20 19:41:31.929, 1, 0, 13382, 2467, 54.54, 50
after_giraffe_APSC_3072x2048.jpg,1781984491.955,2026/06/20 19:41:31.934, 2, 0, 13294, 2555, 55.73, 54
after_giraffe_APSC_3072x2048.jpg,1781984491.955,2026/06/20 19:41:31.938, 3, 0, 14342, 1507, 60.21, 54
